,lh.white_volume,lh.pial_volume,lh.gm_volume,lh.exp_volume,lh.convex_volume,rh.white_volume,rh.pial_volume,rh.gm_volume,rh.exp_volume,rh.convex_volume,lh.white_surface,lh.pial_surface,lh.exp_surface,lh.convex_surface,rh.white_surface,rh.pial_surface,rh.exp_surface,rh.convex_surface,lh.mean_thickness,rh.mean_thickness
BBW49,1075203.985920104,1665932.963493079,590728.977572975,2109916.1928921575,2233308.8087751325,1074270.0010073537,1777648.162507428,703378.1615000744,2141269.875025934,2278829.157873621,316481.615899525,320917.09185244667,86860.63074347755,87104.30767375877,310383.4081069916,322092.8484141305,86789.84649483275,87924.8204128051,1.8407526198217705,2.183774538811575
