,lh.white_volume,lh.gm_volume,rh.white_volume,rh.gm_volume,lh.mean_thickness_direct,lh.sd_thickness_direct,rh.mean_thickness_direct,rh.sd_thickness_direct,lh.mean_thickness_fs,lh.sd_thickness_fs,rh.mean_thickness_fs,rh.sd_thickness_fs
sealion,94947.14144617319,131793.3240160346,94303.014036268,131648.59768003225,6.182696187384456,3.0329591164518064,6.346883952584658,3.0691529812666185,3.9043722526217657,1.5488221350398268,4.074529397865971,1.5613284216282204
