,lh.white_volume,lh.pial_volume,lh.gm_volume,lh.exp_volume,lh.convex_volume,rh.white_volume,rh.pial_volume,rh.gm_volume,rh.exp_volume,rh.convex_volume,lh.white_surface,lh.pial_surface,lh.exp_surface,lh.convex_surface,rh.white_surface,rh.pial_surface,rh.exp_surface,rh.convex_surface,lh.mean_thickness,rh.mean_thickness
sealion,94582.35712204123,230001.536991069,135419.17986902778,303315.5356139374,277553.7432189295,93770.95016732563,230783.31290100806,137012.36273368244,298650.4031631814,275267.08755026624,38375.422080245466,32470.545459363297,26336.19054065486,23511.812698924405,37695.94083538525,31673.346506119953,25788.922527220388,23400.949218076952,4.170523714746465,4.325793698724219
